{
  "swagger": "2.0",
  "info": {
    "version": "1.0.0",
    "title": "Social Torcedor API",
    "language": "pt-BR",
    "description": "Documentation automatically generated by the <b>swagger-autogen</b> module."
  },
  "host": "api.socialtorcedor.shop",
  "basePath": "/",
  "tags": [
    {
      "name": "User",
      "description": "Endpoints to manage users"
    },
    {
      "name": "Post",
      "description": "Endpoints to manage posts/feed"
    },
    {
      "name": "Group",
      "description": "Endpoints to manage group/chats"
    }
  ],
  "schemes": [
    "http",
    "https"
  ],
  "consumes": [
    "application/json"
  ],
  "produces": [
    "application/json"
  ],
  "paths": {
    "/users/me/": {
      "get": {
        "description": "",
        "parameters": [
          {
            "name": "authorization",
            "in": "header",
            "type": "string"
          },
          {
            "name": "userAuth",
            "in": "query",
            "type": "string"
          }
        ],
        "responses": {
          "200": {
            "description": "OK"
          },
          "401": {
            "description": "Não autorizado"
          },
          "500": {
            "description": "Erro Interno do Servidor"
          }
        }
      }
    },
    "/users/{id}": {
      "get": {
        "tags": [
          "User"
        ],
        "description": "Endpoints para recuperar um usuário",
        "parameters": [
          {
            "name": "id",
            "in": "path",
            "required": true,
            "type": "ObjectId",
            "description": "User ID."
          },
          {
            "name": "authorization",
            "in": "header",
            "type": "string"
          },
          {
            "name": "userAuth",
            "in": "query",
            "type": "string"
          }
        ],
        "responses": {
          "200": {
            "schema": {
              "type": "object",
              "properties": {
                "data": {
                  "$ref": "#/definitions/User"
                },
                "status": {
                  "type": "number",
                  "example": 200
                }
              },
              "xml": {
                "name": "main"
              }
            },
            "description": "OK"
          },
          "401": {
            "description": "Não autorizado"
          },
          "404": {
            "description": "Usuário não encontrado",
            "schema": {
              "type": "object",
              "properties": {
                "errors": {
                  "type": "array",
                  "example": [
                    "Usuário não encontrado"
                  ],
                  "items": {
                    "type": "string"
                  }
                },
                "status": {
                  "type": "number",
                  "example": 404
                }
              },
              "xml": {
                "name": "main"
              }
            }
          },
          "422": {
            "description": "Erro de Validação",
            "schema": {
              "$ref": "#/definitions/IdValidator"
            }
          },
          "500": {
            "description": "Erro Interno do Servidor",
            "schema": {
              "$ref": "#/definitions/Error500"
            }
          }
        }
      },
      "patch": {
        "tags": [
          "User"
        ],
        "description": "Endpoints para editar um usuário",
        "parameters": [
          {
            "name": "id",
            "in": "path",
            "required": true,
            "type": "string",
            "description": "User ID."
          },
          {
            "name": "authorization",
            "in": "header",
            "type": "string"
          },
          {
            "name": "userAuth",
            "in": "query",
            "type": "string"
          },
          {
            "name": "",
            "in": "body",
            "description": "Informações do usuário",
            "schema": {
              "$ref": "#/definitions/UpdateUser"
            }
          }
        ],
        "responses": {
          "200": {
            "schema": {
              "type": "object",
              "properties": {
                "data": {
                  "type": "array",
                  "items": {
                    "$ref": "#/definitions/User"
                  }
                },
                "status": {
                  "type": "number",
                  "example": 200
                }
              },
              "xml": {
                "name": "main"
              }
            },
            "description": "OK"
          },
          "400": {
            "description": "Solicitação Inválida"
          },
          "401": {
            "description": "Não autorizado"
          },
          "404": {
            "description": "Usuário não encontrado",
            "schema": {
              "type": "object",
              "properties": {
                "errors": {
                  "type": "array",
                  "example": [
                    "Usuário não encontrado"
                  ],
                  "items": {
                    "type": "string"
                  }
                },
                "status": {
                  "type": "number",
                  "example": 404
                }
              },
              "xml": {
                "name": "main"
              }
            }
          },
          "422": {
            "description": "Erro de Validação",
            "schema": {
              "$ref": "#/definitions/UserUpdateValidator"
            }
          },
          "500": {
            "description": "Erro Interno do Servidor",
            "schema": {
              "$ref": "#/definitions/Error500"
            }
          }
        }
      }
    },
    "/users/authenticate": {
      "post": {
        "tags": [
          "User"
        ],
        "description": "Endpoints para autenticar um usuário",
        "parameters": [
          {
            "name": "",
            "in": "body",
            "description": "nickname e password do usuário",
            "schema": {
              "type": "object",
              "properties": {
                "nickname": {
                  "type": "string",
                  "example": "zoro_oliveira"
                },
                "password": {
                  "type": "string",
                  "example": "123456"
                }
              }
            }
          }
        ],
        "responses": {
          "200": {
            "schema": {
              "type": "object",
              "properties": {
                "data": {
                  "$ref": "#/definitions/User"
                },
                "status": {
                  "type": "number",
                  "example": 200
                }
              },
              "xml": {
                "name": "main"
              }
            },
            "description": "OK"
          },
          "401": {
            "description": "Não autorizado"
          },
          "404": {
            "description": "Autenticação inválida",
            "schema": {
              "type": "object",
              "properties": {
                "errors": {
                  "type": "array",
                  "example": [
                    "Usuário ou senha inválidos"
                  ],
                  "items": {
                    "type": "string"
                  }
                },
                "status": {
                  "type": "number",
                  "example": 404
                }
              },
              "xml": {
                "name": "main"
              }
            }
          },
          "500": {
            "description": "Erro Interno do Servidor",
            "schema": {
              "$ref": "#/definitions/Error500"
            }
          }
        }
      }
    },
    "/users/exists/{nickname}": {
      "get": {
        "tags": [
          "User"
        ],
        "description": "Endpoints para verificar se o nickname já existe",
        "parameters": [
          {
            "name": "nickname",
            "in": "path",
            "required": true,
            "type": "string"
          }
        ],
        "responses": {
          "200": {
            "schema": {
              "type": "object",
              "properties": {
                "errors": {
                  "type": "array",
                  "example": [],
                  "items": {}
                },
                "data": {
                  "type": "boolean",
                  "example": true
                },
                "status": {
                  "type": "number",
                  "example": 200
                }
              },
              "xml": {
                "name": "main"
              }
            },
            "description": "OK"
          },
          "500": {
            "description": "Erro Interno do Servidor",
            "schema": {
              "$ref": "#/definitions/Error500"
            }
          }
        }
      }
    },
    "/users/logout": {
      "delete": {
        "description": "",
        "parameters": [
          {
            "name": "authorization",
            "in": "header",
            "type": "string"
          },
          {
            "name": "userAuth",
            "in": "query",
            "type": "string"
          }
        ],
        "responses": {
          "200": {
            "description": "OK"
          },
          "401": {
            "description": "Não autorizado"
          },
          "500": {
            "description": "Erro Interno do Servidor"
          }
        }
      }
    },
    "/users": {
      "post": {
        "tags": [
          "User"
        ],
        "description": "Endpoints para criar um usuário",
        "parameters": [
          {
            "name": "",
            "in": "body",
            "description": "Informações do usuário",
            "schema": {
              "$ref": "#/definitions/AddUser"
            }
          }
        ],
        "responses": {
          "201": {
            "schema": {
              "type": "object",
              "properties": {
                "data": {
                  "$ref": "#/definitions/User"
                },
                "status": {
                  "type": "number",
                  "example": 201
                }
              },
              "xml": {
                "name": "main"
              }
            },
            "description": "Criado"
          },
          "400": {
            "description": "Apelido já existe",
            "schema": {
              "type": "object",
              "properties": {
                "errors": {
                  "type": "array",
                  "example": [
                    "[nickname]: O apelido já existe"
                  ],
                  "items": {
                    "type": "string"
                  }
                },
                "status": {
                  "type": "number",
                  "example": 400
                }
              },
              "xml": {
                "name": "main"
              }
            }
          },
          "422": {
            "description": "Erro de Validação",
            "schema": {
              "$ref": "#/definitions/UserAddValidator"
            }
          },
          "500": {
            "description": "Erro Interno do Servidor",
            "schema": {
              "$ref": "#/definitions/Error500"
            }
          }
        }
      },
      "get": {
        "tags": [
          "User"
        ],
        "description": "Endpoints para listar (filtrado ou não) os usuários ordenados por nome",
        "parameters": [
          {
            "name": "authorization",
            "in": "header",
            "type": "string"
          },
          {
            "name": "userAuth",
            "in": "query",
            "type": "string"
          },
          {
            "name": "name",
            "in": "query",
            "description": "pode ser o nome ou parte do nome do usuário ou do seu nickname.",
            "required": false,
            "type": "string"
          }
        ],
        "responses": {
          "200": {
            "schema": {
              "type": "object",
              "properties": {
                "data": {
                  "type": "array",
                  "items": {
                    "$ref": "#/definitions/User"
                  }
                },
                "status": {
                  "type": "number",
                  "example": 200
                }
              },
              "xml": {
                "name": "main"
              }
            },
            "description": "OK"
          },
          "401": {
            "description": "Não autorizado"
          },
          "500": {
            "description": "Erro Interno do Servidor",
            "schema": {
              "$ref": "#/definitions/Error500"
            }
          }
        }
      }
    },
    "/feed": {
      "get": {
        "tags": [
          "Post"
        ],
        "description": "Endpoints para listar o feed de posts do mais recente para o mais antigo",
        "parameters": [
          {
            "name": "authorization",
            "in": "header",
            "type": "string"
          },
          {
            "name": "userAuth",
            "in": "query",
            "type": "string"
          }
        ],
        "responses": {
          "200": {
            "schema": {
              "type": "object",
              "properties": {
                "data": {
                  "type": "array",
                  "items": {
                    "$ref": "#/definitions/Post"
                  }
                },
                "status": {
                  "type": "number",
                  "example": 200
                }
              },
              "xml": {
                "name": "main"
              }
            },
            "description": "OK"
          },
          "401": {
            "description": "Não autorizado"
          },
          "500": {
            "description": "Erro Interno do Servidor",
            "schema": {
              "$ref": "#/definitions/Error500"
            }
          }
        }
      }
    },
    "/posts/{id}": {
      "get": {
        "tags": [
          "Post"
        ],
        "description": "Endpoints para recuperar um post",
        "parameters": [
          {
            "name": "id",
            "in": "path",
            "required": true,
            "type": "ObjectId",
            "description": "Post ID."
          },
          {
            "name": "authorization",
            "in": "header",
            "type": "string"
          },
          {
            "name": "userAuth",
            "in": "query",
            "type": "string"
          }
        ],
        "responses": {
          "200": {
            "schema": {
              "type": "object",
              "properties": {
                "data": {
                  "$ref": "#/definitions/Post"
                },
                "status": {
                  "type": "number",
                  "example": 200
                }
              },
              "xml": {
                "name": "main"
              }
            },
            "description": "OK"
          },
          "401": {
            "description": "Não autorizado"
          },
          "404": {
            "description": "Post não encontrado",
            "schema": {
              "type": "object",
              "properties": {
                "errors": {
                  "type": "array",
                  "example": [
                    "Post não encontrado"
                  ],
                  "items": {
                    "type": "string"
                  }
                },
                "status": {
                  "type": "number",
                  "example": 404
                }
              },
              "xml": {
                "name": "main"
              }
            }
          },
          "422": {
            "description": "Erro de Validação",
            "schema": {
              "$ref": "#/definitions/IdValidator"
            }
          },
          "500": {
            "description": "Erro Interno do Servidor",
            "schema": {
              "$ref": "#/definitions/Error500"
            }
          }
        }
      },
      "delete": {
        "tags": [
          "Post"
        ],
        "description": "Endpoints para remover um post",
        "parameters": [
          {
            "name": "id",
            "in": "path",
            "required": true,
            "type": "ObjectId",
            "description": "Post ID."
          },
          {
            "name": "authorization",
            "in": "header",
            "type": "string"
          },
          {
            "name": "userAuth",
            "in": "query",
            "type": "string"
          }
        ],
        "responses": {
          "200": {
            "schema": {
              "type": "object",
              "properties": {
                "data": {
                  "$ref": "#/definitions/Post"
                },
                "status": {
                  "type": "number",
                  "example": 200
                }
              },
              "xml": {
                "name": "main"
              }
            },
            "description": "OK"
          },
          "401": {
            "description": "Não autorizado"
          },
          "404": {
            "description": "Post não encontrado",
            "schema": {
              "type": "object",
              "properties": {
                "errors": {
                  "type": "array",
                  "example": [
                    "Post não encontrado"
                  ],
                  "items": {
                    "type": "string"
                  }
                },
                "status": {
                  "type": "number",
                  "example": 404
                }
              },
              "xml": {
                "name": "main"
              }
            }
          },
          "422": {
            "description": "Erro de Validação",
            "schema": {
              "$ref": "#/definitions/IdValidator"
            }
          },
          "500": {
            "description": "Erro Interno do Servidor",
            "schema": {
              "$ref": "#/definitions/Error500"
            }
          }
        }
      }
    },
    "/posts/{id}/like/{userId}": {
      "get": {
        "tags": [
          "Post"
        ],
        "description": "Endpoints para curtir/descurtir um post",
        "parameters": [
          {
            "name": "id",
            "in": "path",
            "required": true,
            "type": "ObjectId",
            "description": "Post ID."
          },
          {
            "name": "userId",
            "in": "path",
            "required": true,
            "type": "ObjectId",
            "description": "User ID."
          },
          {
            "name": "authorization",
            "in": "header",
            "type": "string"
          },
          {
            "name": "userAuth",
            "in": "query",
            "type": "string"
          }
        ],
        "responses": {
          "200": {
            "schema": {
              "type": "object",
              "properties": {
                "errors": {
                  "type": "array",
                  "example": [],
                  "items": {}
                },
                "data": {
                  "type": "boolean",
                  "example": true
                },
                "status": {
                  "type": "number",
                  "example": 200
                }
              },
              "xml": {
                "name": "main"
              }
            },
            "description": "OK"
          },
          "401": {
            "description": "Não autorizado"
          },
          "404": {
            "description": "Post não encontrado",
            "schema": {
              "type": "object",
              "properties": {
                "errors": {
                  "type": "array",
                  "example": [
                    "Post não encontrado"
                  ],
                  "items": {
                    "type": "string"
                  }
                },
                "status": {
                  "type": "number",
                  "example": 404
                }
              },
              "xml": {
                "name": "main"
              }
            }
          },
          "422": {
            "description": "Erro de Validação",
            "schema": {
              "$ref": "#/definitions/IdValidator"
            }
          },
          "500": {
            "description": "Erro Interno do Servidor",
            "schema": {
              "$ref": "#/definitions/Error500"
            }
          }
        }
      }
    },
    "/posts/{id}/comments": {
      "post": {
        "tags": [
          "Post"
        ],
        "description": "Endpoints para incluir um comentário de um post",
        "parameters": [
          {
            "name": "id",
            "in": "path",
            "required": true,
            "type": "ObjectId",
            "description": "Post ID."
          },
          {
            "name": "authorization",
            "in": "header",
            "type": "string"
          },
          {
            "name": "userAuth",
            "in": "query",
            "type": "string"
          },
          {
            "name": "",
            "in": "body",
            "description": "Informações do comentário",
            "schema": {
              "$ref": "#/definitions/AddComment"
            }
          }
        ],
        "responses": {
          "200": {
            "schema": {
              "type": "object",
              "properties": {
                "errors": {
                  "type": "array",
                  "example": [],
                  "items": {}
                },
                "data": {
                  "type": "boolean",
                  "example": true
                },
                "status": {
                  "type": "number",
                  "example": 200
                }
              },
              "xml": {
                "name": "main"
              }
            },
            "description": "OK"
          },
          "401": {
            "description": "Não autorizado"
          },
          "404": {
            "description": "Post não encontrado",
            "schema": {
              "type": "object",
              "properties": {
                "errors": {
                  "type": "array",
                  "example": [
                    "Post não encontrado"
                  ],
                  "items": {
                    "type": "string"
                  }
                },
                "status": {
                  "type": "number",
                  "example": 404
                }
              },
              "xml": {
                "name": "main"
              }
            }
          },
          "422": {
            "description": "Erro de Validação",
            "schema": {
              "$ref": "#/definitions/PostValidator"
            }
          },
          "500": {
            "description": "Erro Interno do Servidor",
            "schema": {
              "$ref": "#/definitions/Error500"
            }
          }
        }
      }
    },
    "/posts/{id}/comments/{commentId}": {
      "delete": {
        "tags": [
          "Post"
        ],
        "description": "Endpoints para remover um comentário de um post",
        "parameters": [
          {
            "name": "id",
            "in": "path",
            "required": true,
            "type": "ObjectId",
            "description": "Post ID."
          },
          {
            "name": "commentId",
            "in": "path",
            "required": true,
            "type": "ObjectId",
            "description": "Comentário ID."
          },
          {
            "name": "authorization",
            "in": "header",
            "type": "string"
          },
          {
            "name": "userAuth",
            "in": "query",
            "type": "string"
          }
        ],
        "responses": {
          "200": {
            "schema": {
              "type": "object",
              "properties": {
                "errors": {
                  "type": "array",
                  "example": [],
                  "items": {}
                },
                "data": {
                  "type": "boolean",
                  "example": true
                },
                "status": {
                  "type": "number",
                  "example": 200
                }
              },
              "xml": {
                "name": "main"
              }
            },
            "description": "OK"
          },
          "401": {
            "description": "Não autorizado"
          },
          "404": {
            "description": "Post ou comentário não encontrado",
            "schema": {
              "type": "object",
              "properties": {
                "errors": {
                  "type": "array",
                  "example": [
                    "Post ou comentário não encontrado"
                  ],
                  "items": {
                    "type": "string"
                  }
                },
                "status": {
                  "type": "number",
                  "example": 404
                }
              },
              "xml": {
                "name": "main"
              }
            }
          },
          "422": {
            "description": "Erro de Validação",
            "schema": {
              "$ref": "#/definitions/IdValidator"
            }
          },
          "500": {
            "description": "Erro Interno do Servidor",
            "schema": {
              "$ref": "#/definitions/Error500"
            }
          }
        }
      }
    },
    "/posts": {
      "post": {
        "tags": [
          "Post"
        ],
        "description": "Endpoints para criar um post",
        "parameters": [
          {
            "name": "authorization",
            "in": "header",
            "type": "string"
          },
          {
            "name": "userAuth",
            "in": "query",
            "type": "string"
          },
          {
            "name": "",
            "in": "body",
            "description": "Informações do post",
            "schema": {
              "$ref": "#/definitions/AddPost"
            }
          }
        ],
        "responses": {
          "201": {
            "schema": {
              "type": "object",
              "properties": {
                "data": {
                  "$ref": "#/definitions/Post"
                },
                "status": {
                  "type": "number",
                  "example": 201
                }
              },
              "xml": {
                "name": "main"
              }
            },
            "description": "Criado"
          },
          "400": {
            "description": "Solicitação Inválida"
          },
          "401": {
            "description": "Não autorizado"
          },
          "422": {
            "description": "Erro de Validação",
            "schema": {
              "$ref": "#/definitions/PostValidator"
            }
          },
          "500": {
            "description": "Erro Interno do Servidor",
            "schema": {
              "$ref": "#/definitions/Error500"
            }
          }
        }
      }
    },
    "/groups/{id}": {
      "get": {
        "tags": [
          "Group"
        ],
        "description": "Endpoints para recuperar um grupo",
        "parameters": [
          {
            "name": "id",
            "in": "path",
            "required": true,
            "type": "ObjectId",
            "description": "Grupo ID."
          },
          {
            "name": "authorization",
            "in": "header",
            "type": "string"
          },
          {
            "name": "userAuth",
            "in": "query",
            "type": "string"
          }
        ],
        "responses": {
          "200": {
            "schema": {
              "type": "object",
              "properties": {
                "data": {
                  "$ref": "#/definitions/Group"
                },
                "status": {
                  "type": "number",
                  "example": 200
                }
              },
              "xml": {
                "name": "main"
              }
            },
            "description": "OK"
          },
          "401": {
            "description": "Não autorizado"
          },
          "404": {
            "description": "Grupo não encontrado",
            "schema": {
              "type": "object",
              "properties": {
                "errors": {
                  "type": "array",
                  "example": [
                    "Grupo não encontrado"
                  ],
                  "items": {
                    "type": "string"
                  }
                },
                "status": {
                  "type": "number",
                  "example": 404
                }
              },
              "xml": {
                "name": "main"
              }
            }
          },
          "422": {
            "description": "Erro de Validação",
            "schema": {
              "$ref": "#/definitions/IdValidator"
            }
          },
          "500": {
            "description": "Erro Interno do Servidor",
            "schema": {
              "$ref": "#/definitions/Error500"
            }
          }
        }
      },
      "patch": {
        "tags": [
          "Group"
        ],
        "description": "Endpoints para editar um grupo",
        "parameters": [
          {
            "name": "id",
            "in": "path",
            "required": true,
            "type": "string",
            "description": "User ID."
          },
          {
            "name": "authorization",
            "in": "header",
            "type": "string"
          },
          {
            "name": "userAuth",
            "in": "query",
            "type": "string"
          },
          {
            "name": "",
            "in": "body",
            "description": "Informações do grupo",
            "schema": {
              "$ref": "#/definitions/AddGroup"
            }
          }
        ],
        "responses": {
          "200": {
            "schema": {
              "type": "object",
              "properties": {
                "data": {
                  "type": "array",
                  "items": {
                    "$ref": "#/definitions/Group"
                  }
                },
                "status": {
                  "type": "number",
                  "example": 200
                }
              },
              "xml": {
                "name": "main"
              }
            },
            "description": "OK"
          },
          "400": {
            "description": "Solicitação Inválida"
          },
          "401": {
            "description": "Não autorizado"
          },
          "404": {
            "description": "Grupo não encontrado",
            "schema": {
              "type": "object",
              "properties": {
                "errors": {
                  "type": "array",
                  "example": [
                    "Grupo não encontrado"
                  ],
                  "items": {
                    "type": "string"
                  }
                },
                "status": {
                  "type": "number",
                  "example": 404
                }
              },
              "xml": {
                "name": "main"
              }
            }
          },
          "422": {
            "description": "Erro de Validação",
            "schema": {
              "$ref": "#/definitions/GroupValidator"
            }
          },
          "500": {
            "description": "Erro Interno do Servidor",
            "schema": {
              "$ref": "#/definitions/Error500"
            }
          }
        }
      },
      "delete": {
        "tags": [
          "Group"
        ],
        "description": "Endpoints para remover um grupo",
        "parameters": [
          {
            "name": "id",
            "in": "path",
            "required": true,
            "type": "ObjectId",
            "description": "Grupo ID."
          },
          {
            "name": "authorization",
            "in": "header",
            "type": "string"
          },
          {
            "name": "userAuth",
            "in": "query",
            "type": "string"
          }
        ],
        "responses": {
          "200": {
            "schema": {
              "type": "object",
              "properties": {
                "data": {
                  "$ref": "#/definitions/Group"
                },
                "status": {
                  "type": "number",
                  "example": 200
                }
              },
              "xml": {
                "name": "main"
              }
            },
            "description": "OK"
          },
          "401": {
            "description": "Não autorizado"
          },
          "404": {
            "description": "Grupo não encontrado",
            "schema": {
              "type": "object",
              "properties": {
                "errors": {
                  "type": "array",
                  "example": [
                    "Grupo não encontrado"
                  ],
                  "items": {
                    "type": "string"
                  }
                },
                "status": {
                  "type": "number",
                  "example": 404
                }
              },
              "xml": {
                "name": "main"
              }
            }
          },
          "422": {
            "description": "Erro de Validação",
            "schema": {
              "$ref": "#/definitions/IdValidator"
            }
          },
          "500": {
            "description": "Erro Interno do Servidor",
            "schema": {
              "$ref": "#/definitions/Error500"
            }
          }
        }
      }
    },
    "/groups/{id}/members/{userId}": {
      "delete": {
        "tags": [
          "Group"
        ],
        "description": "Endpoints para sair de um grupo",
        "parameters": [
          {
            "name": "id",
            "in": "path",
            "required": true,
            "type": "ObjectId",
            "description": "Grupo ID."
          },
          {
            "name": "userId",
            "in": "path",
            "required": true,
            "type": "ObjectId",
            "description": "User ID."
          },
          {
            "name": "authorization",
            "in": "header",
            "type": "string"
          },
          {
            "name": "userAuth",
            "in": "query",
            "type": "string"
          }
        ],
        "responses": {
          "200": {
            "schema": {
              "type": "object",
              "properties": {
                "errors": {
                  "type": "array",
                  "example": [],
                  "items": {}
                },
                "data": {
                  "type": "boolean",
                  "example": true
                },
                "status": {
                  "type": "number",
                  "example": 200
                }
              },
              "xml": {
                "name": "main"
              }
            },
            "description": "OK"
          },
          "401": {
            "description": "Não autorizado"
          },
          "404": {
            "description": "Grupo não encontrado",
            "schema": {
              "type": "object",
              "properties": {
                "errors": {
                  "type": "array",
                  "example": [
                    "Grupo não encontrado"
                  ],
                  "items": {
                    "type": "string"
                  }
                },
                "status": {
                  "type": "number",
                  "example": 404
                }
              },
              "xml": {
                "name": "main"
              }
            }
          },
          "422": {
            "description": "Erro de Validação",
            "schema": {
              "$ref": "#/definitions/IdValidator"
            }
          },
          "500": {
            "description": "Erro Interno do Servidor",
            "schema": {
              "$ref": "#/definitions/Error500"
            }
          }
        }
      }
    },
    "/groups": {
      "post": {
        "tags": [
          "Group"
        ],
        "description": "Endpoints para criar um grupo",
        "parameters": [
          {
            "name": "authorization",
            "in": "header",
            "type": "string"
          },
          {
            "name": "userAuth",
            "in": "query",
            "type": "string"
          },
          {
            "name": "",
            "in": "body",
            "description": "Informações do grupo",
            "schema": {
              "$ref": "#/definitions/AddGroup"
            }
          }
        ],
        "responses": {
          "201": {
            "schema": {
              "type": "object",
              "properties": {
                "data": {
                  "$ref": "#/definitions/Group"
                },
                "status": {
                  "type": "number",
                  "example": 201
                }
              },
              "xml": {
                "name": "main"
              }
            },
            "description": "Criado"
          },
          "400": {
            "description": "Solicitação Inválida"
          },
          "401": {
            "description": "Não autorizado"
          },
          "422": {
            "description": "Erro de Validação",
            "schema": {
              "$ref": "#/definitions/GroupValidator"
            }
          },
          "500": {
            "description": "Erro Interno do Servidor",
            "schema": {
              "$ref": "#/definitions/Error500"
            }
          }
        }
      },
      "get": {
        "tags": [
          "Group"
        ],
        "description": "Endpoints para listar os grupos que o usuário logado pertence do mais recente para o mais antigo",
        "parameters": [
          {
            "name": "authorization",
            "in": "header",
            "type": "string"
          },
          {
            "name": "userAuth",
            "in": "query",
            "type": "string"
          }
        ],
        "responses": {
          "200": {
            "schema": {
              "type": "object",
              "properties": {
                "data": {
                  "type": "array",
                  "items": {
                    "$ref": "#/definitions/Group"
                  }
                },
                "status": {
                  "type": "number",
                  "example": 200
                }
              },
              "xml": {
                "name": "main"
              }
            },
            "description": "OK"
          },
          "401": {
            "description": "Não autorizado"
          },
          "500": {
            "description": "Erro Interno do Servidor",
            "schema": {
              "$ref": "#/definitions/Error500"
            }
          }
        }
      }
    },
    "/": {
      "get": {
        "description": "",
        "parameters": [],
        "responses": {}
      }
    }
  },
  "definitions": {
    "User": {
      "type": "object",
      "properties": {
        "_id": {
          "type": "string",
          "example": "640f6af6ad964b6d45a13c35"
        },
        "nickname": {
          "type": "string",
          "example": "zoro_oliveira"
        },
        "name": {
          "type": "string",
          "example": "Zoro Oliveira"
        },
        "team": {
          "type": "string",
          "example": "são paulo"
        },
        "createdAt": {
          "type": "string",
          "example": "2023-03-13T18:27:02.427Z"
        },
        "updatedAt": {
          "type": "string",
          "example": "2023-03-13T18:27:02.427Z"
        },
        "__v": {
          "type": "number",
          "example": 0
        }
      }
    },
    "AddUser": {
      "type": "object",
      "properties": {
        "nickname": {
          "type": "string",
          "example": "zoro_oliveira"
        },
        "name": {
          "type": "string",
          "example": "Zoro Oliveira"
        },
        "password": {
          "type": "string",
          "example": "123456"
        },
        "team": {
          "type": "string",
          "example": "São Paulo"
        }
      },
      "required": [
        "nickname",
        "name",
        "password",
        "team"
      ]
    },
    "UpdateUser": {
      "type": "object",
      "properties": {
        "nickname": {
          "type": "string",
          "example": "zoro_oliveira"
        },
        "name": {
          "type": "string",
          "example": "Zoro Oliveira"
        },
        "team": {
          "type": "string",
          "example": "São Paulo"
        }
      },
      "required": [
        "nickname",
        "name",
        "team"
      ]
    },
    "Post": {
      "type": "object",
      "properties": {
        "_id": {
          "type": "string",
          "example": "6410b677f77571f9f323740d"
        },
        "pathImage": {
          "type": "string",
          "example": "/img/6410b677f77571f9f323740d.png"
        },
        "content": {
          "type": "string",
          "example": "Esse Ano seremos campeão!!!"
        },
        "author": {
          "type": "object",
          "properties": {
            "_id": {
              "type": "string",
              "example": "640f6af6ad964b6d45a13c35"
            },
            "nickname": {
              "type": "string",
              "example": "zoro_oliveira"
            },
            "name": {
              "type": "string",
              "example": "Zoro Oliveira"
            },
            "team": {
              "type": "string",
              "example": "são paulo"
            }
          }
        },
        "likes": {
          "type": "array",
          "example": [
            "640ab68a27fea004b4b9ce05"
          ],
          "items": {
            "type": "string"
          }
        },
        "comments": {
          "type": "array",
          "items": {
            "type": "object",
            "properties": {
              "content": {
                "type": "string",
                "example": "Perdemos de novo. Rumo a lanterna"
              },
              "author": {
                "type": "object",
                "properties": {
                  "_id": {
                    "type": "string",
                    "example": "640f6af6ad964b6d45a13c35"
                  },
                  "nickname": {
                    "type": "string",
                    "example": "zoro_oliveira"
                  },
                  "name": {
                    "type": "string",
                    "example": "Zoro Oliveira"
                  }
                }
              },
              "_id": {
                "type": "string",
                "example": "6410bf1dace5da35c401601c"
              },
              "createdAt": {
                "type": "string",
                "example": "2023-03-14T18:38:21.739Z"
              },
              "updatedAt": {
                "type": "string",
                "example": "2023-03-14T18:38:21.739Z"
              }
            }
          }
        }
      }
    },
    "AddPost": {
      "type": "object",
      "properties": {
        "content": {
          "type": "string",
          "example": "Esse Ano seremos campeão!!!"
        },
        "author": {
          "type": "string",
          "example": "640f6af6ad964b6d45a13c35"
        }
      }
    },
    "AddComment": {
      "type": "object",
      "properties": {
        "content": {
          "type": "string",
          "example": "Perdemos de novo. Rumo à lanterna =("
        },
        "author": {
          "type": "string",
          "example": "640f6af6ad964b6d45a13c35"
        }
      }
    },
    "Group": {
      "type": "object",
      "properties": {
        "_id": {
          "type": "string",
          "example": "6410b677f77571f9f323740d"
        },
        "pathImage": {
          "type": "string",
          "example": "/img/6410b677f77571f9f323740d.png"
        },
        "title": {
          "type": "string",
          "example": "Tricolor Paulista"
        },
        "admin": {
          "type": "object",
          "properties": {
            "_id": {
              "type": "string",
              "example": "640f6af6ad964b6d45a13c35"
            },
            "nickname": {
              "type": "string",
              "example": "zoro_oliveira"
            },
            "name": {
              "type": "string",
              "example": "Zoro Oliveira"
            },
            "team": {
              "type": "string",
              "example": "são paulo"
            }
          }
        },
        "members": {
          "type": "array",
          "example": [
            "640ab68a27fea004b4b9ce05"
          ],
          "items": {
            "type": "string"
          }
        },
        "chat": {
          "type": "array",
          "items": {
            "type": "object",
            "properties": {
              "message": {
                "type": "string",
                "example": "Quando será o próximo jogo?"
              },
              "author": {
                "type": "object",
                "properties": {
                  "_id": {
                    "type": "string",
                    "example": "640f6af6ad964b6d45a13c35"
                  },
                  "nickname": {
                    "type": "string",
                    "example": "zoro_oliveira"
                  },
                  "name": {
                    "type": "string",
                    "example": "Zoro Oliveira"
                  }
                }
              },
              "_id": {
                "type": "string",
                "example": "6410bf1dace5da35c401601c"
              },
              "createdAt": {
                "type": "string",
                "example": "2023-03-14T18:38:21.739Z"
              },
              "updatedAt": {
                "type": "string",
                "example": "2023-03-14T18:38:21.739Z"
              }
            }
          }
        }
      }
    },
    "AddGroup": {
      "type": "object",
      "properties": {
        "title": {
          "type": "string",
          "example": "Tricolor Paulista"
        },
        "admin": {
          "type": "string",
          "example": "640f6af6ad964b6d45a13c35"
        },
        "members": {
          "type": "array",
          "example": [
            "640ab68a27fea004b4b9ce05"
          ],
          "items": {
            "type": "string"
          }
        }
      }
    },
    "AddMessage": {
      "type": "object",
      "properties": {
        "message": {
          "type": "string",
          "example": "Quando será o próximo jogo?"
        },
        "author": {
          "type": "string",
          "example": "640f6af6ad964b6d45a13c35"
        }
      }
    },
    "IResult": {
      "type": "object",
      "properties": {
        "errors": {
          "type": "array",
          "example": [
            "aconteceu um erro"
          ],
          "items": {
            "type": "string"
          }
        },
        "data": {
          "type": "object",
          "properties": {}
        },
        "status": {
          "type": "number",
          "example": 200
        }
      }
    },
    "Error500": {
      "type": "object",
      "properties": {
        "errors": {
          "type": "array",
          "example": [
            "aconteceu um erro interno"
          ],
          "items": {
            "type": "string"
          }
        }
      }
    },
    "UserAddValidator": {
      "type": "object",
      "properties": {
        "errors": {
          "type": "array",
          "example": [
            "[nickname]: O apelido deve ter entre 5 e 25 caracteres",
            "[nickname]: O apelido deve começar com letra pode conter números e não pode terminar com caracteres especiais.",
            "[name]: O nome deve ter entre 5 e 30 caracteres.",
            "[name]: O nome deve conter apenas letras.",
            "[password]: A senha deve ter entre 3 e 15 caracteres.",
            "[team]: O time é obrigatório."
          ],
          "items": {
            "type": "string"
          }
        }
      }
    },
    "UserUpdateValidator": {
      "type": "object",
      "properties": {
        "errors": {
          "type": "array",
          "example": [
            "[id]: O id deve ser um ObjectId válido.",
            "[nickname]: O apelido deve ter entre 5 e 25 caracteres",
            "[nickname]: O apelido deve começar com letra pode conter números e não pode terminar com caracteres especiais.",
            "[name]: O nome deve ter entre 5 e 30 caracteres.",
            "[name]: O nome deve conter apenas letras.",
            "[team]: O time é obrigatório."
          ],
          "items": {
            "type": "string"
          }
        }
      }
    },
    "IdValidator": {
      "type": "object",
      "properties": {
        "errors": {
          "type": "array",
          "example": [
            "[id]: O id deve ser um ObjectId válido."
          ],
          "items": {
            "type": "string"
          }
        }
      }
    },
    "PostValidator": {
      "type": "object",
      "properties": {
        "errors": {
          "type": "array",
          "example": [
            "[author]: O código do autor deve ser um ObjectId válido.",
            "[content]: O conteúdo deve ter no máximo 2500 caracteres."
          ],
          "items": {
            "type": "string"
          }
        }
      }
    },
    "MessageValidator": {
      "type": "object",
      "properties": {
        "errors": {
          "type": "array",
          "example": [
            "[author]: O código do autor deve ser um ObjectId válido.",
            "[message]: O conteúdo deve ter no máximo 100 caracteres."
          ],
          "items": {
            "type": "string"
          }
        }
      }
    },
    "GroupValidator": {
      "type": "object",
      "properties": {
        "errors": {
          "type": "array",
          "example": [
            "[admin]: O código do administrador deve ser um ObjectId válido.",
            "[title]: O nome do grupo deve ter entre 5 e 50 caracteres.",
            "[members]: Os códigos dos membros devem ser ObjectIds válidos."
          ],
          "items": {
            "type": "string"
          }
        }
      }
    }
  }
}